{
  "main": {
    "id": "fc5405dea34c78e4",
    "type": "split",
    "children": [
      {
        "id": "51e1d6c0ae4c4b38",
        "type": "tabs",
        "children": [
          {
            "id": "8ae8fc7266ad2cb6",
            "type": "leaf",
            "state": {
              "type": "markdown",
              "state": {
                "file": "À propos/À propos.md",
                "mode": "source",
                "source": false
              },
              "icon": "lucide-file",
              "title": "À propos"
            }
          },
          {
            "id": "43032e71fb64bdc6",
            "type": "leaf",
            "state": {
              "type": "markdown",
              "state": {
                "file": "interests/Approches Psychanalytiques.md",
                "mode": "source",
                "source": false
              },
              "icon": "lucide-file",
              "title": "Approches Psychanalytiques"
            }
          },
          {
            "id": "eab03fc8610a3f5c",
            "type": "leaf",
            "state": {
              "type": "image",
              "state": {
                "file": "profile/IMG-20250419-WA0003 (2).jpg"
              },
              "icon": "lucide-image",
              "title": "IMG-20250419-WA0003 (2)"
            }
          }
        ]
      }
    ],
    "direction": "vertical"
  },
  "left": {
    "id": "b61d1b2d0303da83",
    "type": "split",
    "children": [
      {
        "id": "ab4e4eb5c23b15df",
        "type": "tabs",
        "children": [
          {
            "id": "fabf0dddd3751437",
            "type": "leaf",
            "state": {
              "type": "file-explorer",
              "state": {
                "sortOrder": "alphabetical",
                "autoReveal": false
              },
              "icon": "lucide-folder-closed",
              "title": "Files"
            }
          },
          {
            "id": "56591f27187b786e",
            "type": "leaf",
            "state": {
              "type": "search",
              "state": {
                "query": "",
                "matchingCase": false,
                "explainSearch": false,
                "collapseAll": false,
                "extraContext": false,
                "sortOrder": "alphabetical"
              },
              "icon": "lucide-search",
              "title": "Search"
            }
          },
          {
            "id": "6a2934753251b4a7",
            "type": "leaf",
            "state": {
              "type": "bookmarks",
              "state": {},
              "icon": "lucide-bookmark",
              "title": "Bookmarks"
            }
          }
        ]
      }
    ],
    "direction": "horizontal",
    "width": 300
  },
  "right": {
    "id": "9c05669e8071eae9",
    "type": "split",
    "children": [
      {
        "id": "7c7a55c10c85766c",
        "type": "tabs",
        "children": [
          {
            "id": "9bd623236cec46e6",
            "type": "leaf",
            "state": {
              "type": "backlink",
              "state": {
                "file": "About.md",
                "collapseAll": false,
                "extraContext": false,
                "sortOrder": "alphabetical",
                "showSearch": false,
                "searchQuery": "",
                "backlinkCollapsed": false,
                "unlinkedCollapsed": true
              },
              "icon": "links-coming-in",
              "title": "Backlinks for About"
            }
          },
          {
            "id": "5b7634c1a7d06a71",
            "type": "leaf",
            "state": {
              "type": "outgoing-link",
              "state": {
                "file": "About.md",
                "linksCollapsed": false,
                "unlinkedCollapsed": true
              },
              "icon": "links-going-out",
              "title": "Outgoing links from About"
            }
          },
          {
            "id": "f1dd72573204f8a8",
            "type": "leaf",
            "state": {
              "type": "tag",
              "state": {
                "sortOrder": "frequency",
                "useHierarchy": true,
                "showSearch": false,
                "searchQuery": ""
              },
              "icon": "lucide-tags",
              "title": "Tags"
            }
          },
          {
            "id": "aa6da799fb4587bb",
            "type": "leaf",
            "state": {
              "type": "outline",
              "state": {
                "file": "About.md",
                "followCursor": false,
                "showSearch": false,
                "searchQuery": ""
              },
              "icon": "lucide-list",
              "title": "Outline of About"
            }
          }
        ]
      }
    ],
    "direction": "horizontal",
    "width": 300,
    "collapsed": true
  },
  "left-ribbon": {
    "hiddenItems": {
      "switcher:Open quick switcher": false,
      "graph:Open graph view": false,
      "canvas:Create new canvas": false,
      "daily-notes:Open today's daily note": false,
      "templates:Insert template": false,
      "command-palette:Open command palette": false,
      "bases:Create new base": false
    }
  },
  "active": "8ae8fc7266ad2cb6",
  "lastOpenFiles": [
    "Lectures/media/81uagLBTB6L._AC_UL640_FMwebp_QL65_.webp",
    "Lectures/media/71qhBKcCS1L._AC_UL640_FMwebp_QL65_.webp",
    "Lectures/media/81eSmzsZoML._AC_UL640_FMwebp_QL65_.webp",
    "Lectures/media/71Z1AjLOUOL._AC_UL640_FMwebp_QL65_.webp",
    "Lectures/media/71QlD7qq+ZL._AC_UL640_FMwebp_QL65_.webp",
    "Lectures/media/71N1MiOknaL._AC_UL640_FMwebp_QL65_.webp",
    "Lectures/media/51y1B5XAPAL._SY400_.jpg",
    "Lectures/media/51uRa6Zut9L._SY400_.jpg",
    "Lectures/media/51qeE3CiTsL._SY400_.jpg",
    "Lectures/media/510Eukn4b3L._AC_UL640_FMwebp_QL65_.webp",
    "Lectures/media/51EnS73umYL._SY400_.jpg",
    "Lectures/media",
    "CV.md",
    "Expérience/Psychotherapie Focusing.md",
    "Expérience/Psychotherapie Hakomi.md",
    "Expérience",
    "Contact.md",
    "À propos/À propos.md",
    "Formations",
    "About.md",
    "Intérêts/Phenomenologie, Etats de Conscience et Observation.md",
    "À propos",
    "Intérêts/Therapies Somatique et Hakomi.md",
    "Intérêts/Sexualité, Relations, Société.md",
    "interests/Sexualité, Relations, Societe.md",
    "interests/Sexualite, Relations, Societe.md",
    "Intérêts/Approches Psychanalytiques.md",
    "Intérêts/Pratiques Relationnelles et Somatiques.md",
    "Lectures/The Guide to New Body-Centered Therapies.md",
    "Lectures/Becoming Safely Embodied.md",
    "interests/Therapie Somatique Hakomi.md",
    "Intérêts/Pleine Conscience en Psychotherapie.md",
    "Formations/Formations.md",
    "Lectures/The Value of Others.md",
    "Lectures/The Finders.md",
    "Lectures/Right Brain Psychotherapy.md",
    "Lectures/Polysecure Attachment Trauma and Consensual Nonmonogamy.md",
    "Lectures/Healing the Shame That Binds You.md",
    "Lectures/Hakomi Mindfulness-Centered Somatic Psychotherapy.md",
    "Lectures/Complex PTSD From Surviving to Thriving.md",
    "Intérêts/media",
    "Lectures/covers"
  ]
}